{
  "version": "0.0.1",
  "cards": [
    {
      "id": "google-workspace",
      "title": "Google Workspace",
      "color": "blue",
      "order": 0,
      "links": [
        {
          "id": "gmail",
          "title": "Gmail",
          "url": "https://mail.google.com",
          "icon": "mail",
          "color": "red",
          "order": 0
        },
        {
          "id": "drive",
          "title": "Google Drive",
          "url": "https://drive.google.com",
          "icon": "folder",
          "color": "yellow",
          "order": 1
        },
        {
          "id": "docs",
          "title": "Google Docs",
          "url": "https://docs.google.com",
          "icon": "document-text",
          "color": "blue",
          "order": 2
        },
        {
          "id": "sheets",
          "title": "Google Sheets",
          "url": "https://sheets.google.com",
          "icon": "table",
          "color": "green",
          "order": 3
        },
        {
          "id": "chat",
          "title": "Google Chat",
          "url": "https://chat.google.com",
          "icon": "chat-bubble-left-right",
          "color": "green",
          "order": 4
        }
      ]
    },
    {
      "id": "ai-tools",
      "title": "AI Tools",
      "color": "purple",
      "order": 1,
      "links": [
        {
          "id": "chatgpt",
          "title": "ChatGPT",
          "url": "https://chat.openai.com",
          "icon": "cpu-chip",
          "color": "green",
          "order": 0
        },
        {
          "id": "claude",
          "title": "Claude",
          "url": "https://claude.ai",
          "icon": "brain",
          "color": "orange",
          "order": 1
        },
        {
          "id": "copilot",
          "title": "GitHub Copilot",
          "url": "https://github.com/features/copilot",
          "icon": "code-bracket",
          "color": "gray",
          "order": 2
        },
        {
          "id": "midjourney",
          "title": "Midjourney",
          "url": "https://www.midjourney.com",
          "icon": "photo",
          "color": "blue",
          "order": 3
        },
        {
          "id": "runway",
          "title": "Runway",
          "url": "https://runwayml.com",
          "icon": "video-camera",
          "color": "purple",
          "order": 4
        }
      ]
    },
    {
      "id": "business-tools",
      "title": "Business Tools",
      "color": "emerald",
      "order": 2,
      "links": [
        {
          "id": "salesforce",
          "title": "Salesforce",
          "url": "https://salesforce.com",
          "icon": "cloud",
          "color": "blue",
          "order": 0
        },
        {
          "id": "monday",
          "title": "Monday.com",
          "url": "https://monday.com",
          "icon": "calendar-days",
          "color": "blue",
          "order": 1
        },
        {
          "id": "unbounce",
          "title": "Unbounce",
          "url": "https://unbounce.com",
          "icon": "rocket-launch",
          "color": "orange",
          "order": 2
        },
        {
          "id": "adobe-stock",
          "title": "Adobe Stock",
          "url": "https://stock.adobe.com",
          "icon": "photo",
          "color": "red",
          "order": 3
        },
        {
          "id": "github",
          "title": "GitHub",
          "url": "https://github.com",
          "icon": "code-bracket-square",
          "color": "gray",
          "order": 4
        }
      ]
    }
  ],
  "settings": {
    "uniformCardHeight": false,
    "theme": "slate",
    "gridColumns": "auto"
  }
}
